CGPA,Internships,Projects,Workshops,AptitudeScore,SoftSkills,PlacementTraining,Placed
6.8,2,1,0,43,7,1,1
9.56,3,5,0,87,4,1,1
8.51,1,3,4,91,7,1,1
7.87,3,4,3,86,3,1,1
5.75,3,4,2,64,8,1,1
5.75,2,1,2,98,4,0,1
5.28,3,0,2,60,6,1,0
9.16,2,3,0,76,8,0,1
7.89,0,4,3,77,4,1,1
8.4,0,1,4,88,5,1,1
5.1,2,4,1,40,6,0,0
9.66,0,3,1,64,5,0,1
9.0,1,3,2,90,8,0,1
6.02,3,2,3,75,6,0,1
5.87,1,5,0,56,7,1,1
5.88,3,5,3,80,4,0,1
6.46,0,1,3,63,8,1,1
7.52,1,3,0,41,3,0,1
7.07,0,2,2,79,6,0,1
6.4,3,2,3,54,6,1,1
7.94,2,4,1,71,9,1,1
5.67,2,4,0,78,8,0,1
6.4,1,2,4,98,8,1,1
6.76,0,4,2,45,5,1,1
7.19,0,3,0,40,9,1,1
8.77,1,0,4,86,7,1,1
5.96,2,3,4,62,5,1,1
7.47,3,2,3,97,9,1,1
7.84,1,2,3,78,5,1,1
5.22,3,3,3,96,7,1,1
7.92,2,4,0,56,9,0,1
5.82,0,4,0,73,9,1,1
5.31,2,5,2,98,3,0,1
9.55,1,2,3,80,5,1,1
9.64,0,1,4,68,5,1,1
8.88,1,5,1,48,6,1,1
6.46,1,4,2,52,7,1,1
5.47,2,3,0,45,4,0,0
8.28,1,4,2,45,3,0,1
7.11,2,3,2,59,9,1,1
5.59,0,5,2,91,9,0,1
7.38,2,2,2,92,9,1,1
5.17,0,4,1,42,3,1,0
9.36,2,3,3,56,9,0,1
6.24,3,2,4,88,9,0,1
8.18,3,1,2,51,7,1,1
6.5,1,3,2,87,8,1,1
7.5,2,5,2,86,8,0,1
7.62,2,1,3,84,6,1,1
5.89,0,1,0,94,6,0,1
9.65,1,0,0,40,9,1,1
8.72,2,4,1,56,7,1,1
9.51,1,3,0,42,9,0,1
9.3,3,1,2,65,6,0,1
7.87,2,0,2,54,3,0,1
9.42,2,5,2,75,3,1,1
5.42,1,2,1,71,4,1,0
5.94,2,3,2,71,8,1,1
5.22,1,1,0,43,7,1,1
6.56,2,4,3,57,5,0,1
6.87,0,0,3,88,8,1,1
6.3,1,1,4,58,5,1,1
8.98,2,4,0,82,4,1,1
6.71,3,1,2,91,4,0,1
6.35,2,3,3,74,9,1,1
7.6,3,3,0,79,6,1,1
5.68,3,3,3,53,4,0,1
8.85,0,5,2,97,4,1,1
5.36,1,5,3,72,5,1,1
9.74,2,0,4,53,6,0,1
8.71,0,3,4,73,4,1,1
5.95,2,4,3,94,8,1,1
5.03,3,1,0,43,4,1,0
8.91,1,2,0,63,6,0,1
8.39,2,4,0,98,9,1,1
8.5,2,5,3,68,7,1,1
8.7,3,5,0,58,6,0,1
5.36,2,4,2,45,5,0,1
6.72,2,5,4,96,7,1,1
5.56,3,3,2,72,8,1,1
9.14,0,0,0,88,3,1,1
7.99,3,1,2,79,6,1,1
6.59,0,0,0,58,9,0,0
5.31,1,1,3,92,5,1,1
6.49,0,1,2,40,8,0,1
6.56,0,0,3,44,7,0,1
8.5,1,4,3,66,8,1,1
8.06,0,1,1,55,6,1,1
9.26,3,0,0,45,4,0,1
7.27,0,1,4,79,9,0,1
5.57,1,2,0,52,6,1,0
8.42,3,4,4,87,3,0,1
8.65,1,3,0,74,6,1,1
7.69,1,1,3,58,7,1,1
8.7,2,2,2,51,7,0,1
7.37,2,3,2,55,6,0,1
7.51,1,3,1,98,7,1,1
7.05,1,1,4,82,4,0,1
5.12,1,0,4,49,8,1,0
5.52,2,1,4,64,6,1,1
5.15,2,2,3,59,9,1,1
8.05,0,3,4,70,4,0,1
6.51,0,1,2,43,8,1,0
7.44,1,0,3,83,9,1,1
9.36,3,1,0,62,9,1,1
6.2,3,4,4,41,9,1,1
6.97,2,0,4,95,8,1,1
8.63,2,2,0,61,4,1,1
6.1,2,3,4,90,9,1,1
5.37,1,1,0,96,9,1,1
6.39,3,0,3,76,5,1,0
5.77,0,4,2,47,6,1,1
9.46,1,0,0,46,8,1,1
8.88,0,5,1,53,8,0,1
8.04,0,4,0,95,7,1,1
9.18,1,2,4,94,8,1,1
8.86,0,3,3,42,4,1,1
5.9,3,2,3,89,8,0,1
9.28,0,1,0,55,5,1,0
7.59,3,0,2,94,6,0,1
8.88,3,5,1,58,6,1,1
9.3,3,4,3,90,8,1,1
6.53,2,4,4,57,9,0,1
5.53,0,0,4,91,3,1,0
6.09,1,5,2,55,3,0,0
7.05,1,0,3,47,9,0,1
8.93,0,1,0,99,9,1,1
9.13,2,2,4,72,9,1,1
5.03,2,4,2,88,4,1,1
7.45,3,1,3,51,3,1,1
7.0,0,2,3,92,9,0,1
6.07,0,1,3,50,4,0,0
5.58,1,5,3,44,7,1,1
6.62,0,4,3,66,4,0,1
9.53,2,0,4,51,3,0,1
6.55,0,0,2,56,8,1,1
7.49,1,2,3,45,7,0,1
8.37,3,3,1,72,3,0,1
6.75,1,5,1,44,4,1,1
9.66,1,2,2,96,5,0,1
9.62,3,3,0,67,6,1,1
6.21,1,1,0,53,3,0,0
7.39,1,5,0,44,9,1,1
6.44,0,1,1,93,4,0,1
6.37,0,4,0,95,9,0,1
5.18,3,5,4,98,9,1,1
7.93,0,3,3,72,9,1,1
7.41,0,4,1,89,9,1,1
5.25,1,0,2,87,9,1,1
6.34,2,3,2,80,7,0,1
9.36,0,2,3,58,3,0,1
6.15,2,0,1,61,3,0,0
5.7,0,0,0,44,6,1,0
7.35,0,2,0,98,4,0,1
9.73,3,5,4,41,5,0,1
6.16,3,0,4,69,7,1,1
8.23,3,3,0,86,4,1,1
8.66,2,4,2,78,7,0,1
6.14,1,0,2,43,3,1,0
8.5,0,3,4,72,9,0,1
6.77,0,1,3,52,6,0,1
8.04,0,3,0,59,6,1,1
8.04,2,4,4,93,8,0,1
7.57,3,3,4,46,5,1,1
5.43,1,2,0,54,6,1,1
9.01,2,4,0,62,9,0,1
6.54,3,5,2,53,3,0,1
5.9,2,1,3,62,5,0,1
5.2,1,2,3,58,4,1,0
7.84,3,5,0,93,9,0,1
8.25,2,3,1,68,9,1,1
5.08,1,4,4,95,6,1,1
7.46,0,1,4,59,5,0,1
6.09,1,2,0,68,3,1,0
8.1,0,5,1,63,8,0,1
5.84,2,5,2,57,7,0,1
8.32,3,1,0,49,7,0,1
6.86,3,3,0,80,3,0,1
9.5,2,1,4,96,3,0,1
5.66,3,5,0,47,7,0,1
6.64,3,0,0,65,8,0,1
5.54,0,2,0,68,5,1,0
9.44,2,1,4,49,7,0,1
9.21,1,5,2,56,3,1,1
6.24,0,3,2,41,6,1,0
8.17,2,5,0,45,4,1,1
8.92,0,3,4,97,8,0,1
7.66,1,1,2,44,9,1,1
7.54,1,3,2,67,8,1,1
6.16,2,4,2,80,6,0,1
5.45,1,4,4,44,6,0,1
9.31,0,4,4,57,9,1,1
9.32,1,0,0,65,3,0,0
8.04,0,1,3,59,7,0,1
6.63,0,5,2,80,5,0,1
6.68,1,5,3,88,8,0,1
8.48,2,0,4,66,9,1,1
9.31,3,3,4,88,8,0,1
9.26,1,0,4,51,6,0,1
8.74,0,3,3,46,7,0,1
8.08,0,3,4,98,8,1,1
5.4,1,2,0,42,5,1,0
5.78,2,5,4,49,6,0,1
9.31,2,4,1,73,5,0,1
7.91,0,3,3,64,7,1,1
5.04,0,2,1,74,8,0,0
5.49,2,5,4,55,4,0,1
8.18,3,4,0,41,8,1,1
5.02,1,3,2,99,7,0,1
5.77,0,3,4,63,8,0,1
7.63,0,0,0,49,9,1,1
8.32,2,0,3,77,8,1,1
8.13,1,5,1,61,3,0,1
6.08,2,4,1,65,8,1,1
8.42,1,3,1,82,8,0,1
6.14,1,5,3,94,5,0,1
6.56,1,5,0,78,4,0,1
8.58,0,1,3,66,5,1,1
8.12,3,0,1,68,5,1,1
9.08,2,4,4,86,6,0,1
8.16,3,3,2,77,3,0,1
7.73,2,5,3,59,5,1,1
5.45,1,3,3,66,9,1,1
6.77,0,1,0,80,7,1,1
6.27,3,4,0,93,9,0,1
6.17,0,5,3,59,7,1,1
9.67,2,3,1,83,8,1,1
6.89,0,0,2,58,6,0,0
9.28,0,1,0,59,3,0,0
8.03,3,4,1,74,9,0,1
8.82,1,1,4,86,3,1,1
7.41,0,0,0,41,9,0,1
7.77,1,4,1,69,8,0,1
7.36,2,1,1,92,7,0,1
5.94,0,2,2,73,4,0,0
8.47,3,0,2,61,6,1,1
6.35,2,0,4,42,9,0,1
5.12,2,0,1,45,9,1,0
8.1,3,2,1,54,8,1,1
5.85,0,2,2,66,6,1,1
9.51,0,3,0,49,7,0,1
9.58,2,5,0,48,7,1,1
9.39,0,1,3,72,9,0,1
6.78,1,3,2,71,4,0,1
5.07,3,1,3,87,4,0,1
9.46,1,5,2,45,3,1,1
7.06,0,2,4,80,6,0,1
9.64,2,5,1,98,6,0,1
9.63,3,2,4,75,7,0,1
9.09,0,5,2,98,3,1,1
6.41,0,3,1,99,8,1,1
6.85,2,4,0,41,6,1,1
9.09,2,3,0,68,3,0,1
6.52,1,1,3,43,3,1,1
5.81,3,3,2,40,9,0,1
7.67,3,0,2,58,7,0,1
9.49,2,1,0,65,3,1,1
8.34,1,5,4,64,4,0,1
7.74,3,1,1,49,4,1,1
5.47,2,4,4,92,5,0,1
7.95,0,2,4,54,7,1,1
9.75,3,5,0,98,9,0,1
5.67,1,1,0,61,8,0,0
7.49,1,5,0,90,5,0,1
9.21,1,5,3,87,4,0,1
8.56,0,5,4,60,9,0,1
8.35,3,2,2,98,5,1,1
8.37,3,3,1,95,7,0,1
6.73,0,5,3,61,9,1,1
6.41,3,0,2,75,7,1,1
8.88,0,4,4,73,3,1,1
8.89,0,2,0,69,6,0,1
9.16,0,1,4,64,3,0,1
9.38,1,2,1,84,7,0,1
7.45,3,1,3,67,9,1,1
7.41,0,2,3,40,4,0,1
8.83,3,1,1,88,8,0,1
8.12,1,5,2,84,4,1,1
8.37,0,3,2,43,9,1,1
8.82,2,1,3,46,3,1,1
9.27,1,1,3,88,8,1,1
6.62,2,0,0,48,9,1,1
6.8,3,1,2,75,7,1,1
5.45,3,0,1,58,4,0,0
7.78,1,4,2,40,7,1,1
5.17,3,5,0,49,8,0,1
7.23,2,0,3,75,8,0,1
7.6,0,3,3,48,4,0,1
6.38,0,5,0,84,7,1,1
7.84,0,0,1,85,5,0,1
5.15,1,5,3,81,7,1,1
5.18,3,5,4,71,8,1,1
8.95,2,5,3,71,7,0,1
6.73,3,4,4,45,9,1,1
5.61,3,3,0,87,3,0,1
7.51,3,2,0,77,5,0,1
8.7,0,2,3,56,6,1,1
6.04,2,0,2,49,9,0,1
7.99,2,5,4,89,3,0,1
5.41,3,0,1,66,6,0,1
5.25,0,4,3,93,4,1,1
7.55,0,4,1,89,6,0,1
7.6,2,1,3,74,9,1,1
8.06,0,4,2,91,7,1,1
8.49,0,1,2,98,9,0,1
9.68,0,3,2,60,6,0,1
7.48,1,0,2,64,8,1,1
6.55,3,3,0,67,3,1,1
8.82,2,4,0,86,3,0,1
6.3,2,3,4,54,6,0,1
7.11,1,3,1,43,3,1,0
5.38,3,3,3,68,8,1,1
5.12,2,4,3,98,9,1,1
9.62,0,5,0,48,3,1,1
9.01,2,3,3,66,6,1,1
8.34,0,1,0,65,5,0,1
6.96,1,4,4,58,5,1,1
5.83,0,3,1,95,4,1,1
5.75,2,5,4,67,3,0,1
6.2,2,4,2,56,9,0,1
7.64,2,2,2,82,6,1,1
8.43,1,5,2,96,3,1,1
8.17,1,1,4,80,7,0,1
6.34,3,3,3,81,8,1,1
9.58,2,2,1,89,3,1,1
8.54,0,2,2,59,3,0,1
7.66,1,4,2,84,5,1,1
7.94,2,2,2,79,8,0,1
7.01,2,1,1,78,6,0,1
6.19,1,1,2,88,3,0,0
6.71,3,0,1,92,5,0,1
8.64,1,1,2,62,4,1,1
5.07,1,5,4,86,8,0,1
5.56,0,2,4,71,5,1,1
5.22,0,1,1,91,5,1,1
5.2,3,4,4,86,9,1,1
9.11,2,0,1,72,5,1,1
8.38,1,2,4,96,9,1,1
7.28,3,0,4,85,3,0,1
5.47,0,2,1,44,3,0,0
7.36,1,4,3,82,4,0,1
7.27,2,0,4,87,7,0,1
5.83,0,3,2,73,7,1,1
7.08,0,5,3,79,7,0,1
6.91,0,5,1,50,9,1,1
7.96,3,2,3,89,8,1,1
8.05,2,3,0,42,8,0,1
5.22,1,0,0,97,4,0,0
6.8,3,3,4,72,8,0,1
8.0,3,3,4,50,7,0,1
7.42,3,0,2,55,7,1,1
9.11,0,4,3,57,5,1,1
8.16,2,3,0,69,8,0,1
5.78,3,3,4,87,3,1,1
5.34,1,4,3,94,3,1,1
8.08,2,3,4,49,5,1,1
5.13,1,3,4,57,5,0,1
7.81,2,3,0,77,5,1,1
9.51,1,5,0,58,3,0,1
7.76,0,1,4,75,7,0,1
6.86,3,4,1,98,5,1,1
8.09,1,3,4,52,4,1,1
7.2,2,5,4,95,9,0,1
7.62,3,4,2,85,5,1,1
9.52,3,2,2,42,9,1,1
6.85,2,2,2,49,6,0,1
9.61,1,3,1,77,5,0,1
9.35,0,5,1,40,3,0,1
5.94,0,5,4,94,8,0,1
5.33,1,4,2,95,5,1,1
5.48,3,4,1,66,8,1,1
5.09,3,5,0,85,6,0,1
5.45,3,4,4,47,4,0,1
8.28,3,5,3,90,8,0,1
5.34,1,1,4,85,9,1,1
6.53,3,5,3,81,7,0,1
9.06,2,2,2,56,5,1,1
5.11,3,4,3,48,6,0,1
8.91,0,5,2,45,6,0,1
6.35,3,5,0,82,8,0,1
5.57,1,4,3,64,4,1,1
8.34,0,1,4,78,3,1,1
8.02,1,1,2,88,5,1,1
9.21,1,4,4,99,6,0,1
8.53,0,0,1,67,4,1,1
8.86,1,4,2,72,7,1,1
6.35,1,4,3,93,6,0,1
5.85,3,1,2,76,4,0,1
8.6,2,1,4,48,3,1,1
8.87,1,4,0,57,3,1,1
9.75,1,4,2,95,6,1,1
6.98,1,4,3,98,9,1,1
6.79,3,1,1,60,6,0,1
8.73,2,4,0,41,8,0,1
6.64,0,4,1,97,5,0,1
9.47,3,3,2,82,4,1,1
9.12,3,0,4,98,6,1,1
7.06,2,2,4,99,5,0,1
8.6,2,0,3,77,8,0,1
8.62,3,3,4,97,5,1,1
5.49,0,2,0,79,6,1,1
9.33,3,4,4,75,3,0,1
7.43,2,3,3,89,4,0,1
8.97,0,4,2,99,4,0,1
6.54,2,1,2,82,3,1,1
9.3,0,5,4,76,9,1,1
6.87,1,3,1,54,6,1,1
5.05,2,1,2,67,4,1,0
9.35,2,3,4,57,6,1,1
5.44,3,3,3,73,8,1,1
6.53,2,1,4,61,6,0,1
9.56,2,2,2,50,5,0,1
9.56,1,0,3,97,3,1,1
7.75,2,4,4,96,9,0,1
8.03,1,3,0,52,6,1,1
7.15,1,4,3,43,9,0,1
6.41,1,5,0,61,9,1,1
6.58,1,1,1,46,8,0,1
8.23,0,4,3,82,7,0,1
8.61,3,1,0,93,3,1,1
8.8,0,4,2,63,9,1,1
8.79,2,0,2,43,4,0,1
5.44,0,0,1,67,5,0,0
7.37,0,0,3,54,4,1,0
5.28,2,0,3,40,8,0,1
7.64,2,0,3,94,8,1,1
7.12,2,0,1,42,4,1,0
9.26,0,1,3,53,3,0,0
6.68,0,3,2,77,4,1,1
5.56,2,4,0,89,6,0,1
5.69,3,0,2,96,4,0,1
8.66,3,1,2,40,5,1,1
7.97,1,1,0,77,5,0,1
5.49,2,1,2,77,7,1,1
5.4,1,3,1,60,5,1,1
8.36,3,4,0,87,4,1,1
5.35,1,3,2,68,5,0,1
8.94,2,2,4,44,3,1,1
8.39,2,1,2,88,9,0,1
5.39,2,2,1,49,5,1,1
5.41,0,5,3,67,6,1,1
9.74,1,0,2,60,3,1,1
6.8,3,0,3,89,7,0,1
6.78,3,3,4,46,6,0,1
8.9,3,4,2,42,4,1,1
9.55,0,2,0,84,9,1,1
9.73,0,4,3,86,4,0,1
8.62,2,3,4,59,9,0,1
6.81,3,0,0,58,9,0,1
5.4,0,4,0,74,4,1,1
8.73,2,4,0,43,6,0,1
7.68,3,0,0,44,6,1,1
7.04,1,2,2,40,9,0,1
9.35,2,0,2,43,6,1,1
5.53,0,4,2,51,9,1,1
7.36,0,2,4,99,9,1,1
5.05,2,2,4,66,3,0,0
7.25,2,0,4,95,8,0,1
5.27,0,4,1,81,3,0,1
5.57,1,3,4,62,4,1,0
5.56,3,4,2,64,8,1,1
8.12,1,1,2,60,5,0,1
8.58,2,5,1,97,4,1,1
7.8,1,3,1,91,7,1,1
9.62,0,2,4,63,3,1,1
6.8,2,3,3,64,6,0,1
6.37,3,2,1,84,3,1,1
9.17,0,2,0,94,6,0,1
6.07,0,3,2,85,8,0,1
9.62,3,2,0,71,7,0,1
5.06,3,2,2,94,8,0,1
9.66,1,1,2,71,7,0,1
5.21,2,4,1,44,3,1,0
9.28,3,4,1,75,6,0,1
7.53,3,5,0,85,8,0,1
9.77,2,5,2,81,7,0,1
5.35,3,1,0,88,9,1,1
7.66,3,5,3,81,4,1,1
9.65,1,3,0,97,4,1,1
7.51,0,0,4,78,8,1,1
8.02,0,0,0,55,6,0,1
8.34,0,0,4,72,9,0,1
7.18,0,1,4,88,8,1,1
8.01,3,1,4,60,3,1,1
7.8,2,2,3,48,7,1,1
9.33,2,0,0,45,3,1,1
5.22,1,3,0,90,4,0,0
6.35,1,5,3,84,7,1,1
9.56,3,3,2,74,8,1,1
9.27,2,5,1,78,3,1,1
7.19,2,0,0,61,5,1,1
7.98,0,0,1,80,6,1,1
6.33,3,0,3,93,9,1,1
5.9,3,1,2,44,9,1,1
7.23,0,5,2,81,6,0,1
6.7,3,1,2,62,5,0,1
7.8,3,1,3,56,4,0,1
5.37,1,4,4,51,7,0,1
9.68,2,3,4,62,6,0,1
9.73,3,3,1,55,5,0,1
8.35,1,2,4,42,8,1,1
7.57,2,1,4,69,9,1,1
6.49,0,5,2,96,5,0,1
8.91,1,4,2,61,4,1,1
8.29,1,4,1,48,4,0,1
5.78,2,3,0,68,3,1,1
9.37,0,1,1,86,6,1,1
8.95,1,2,1,76,3,1,1
9.56,3,1,3,62,9,1,1
8.48,3,0,3,52,5,1,1
7.94,3,1,1,71,7,1,1
7.01,0,0,1,85,7,0,1
9.48,1,0,1,91,4,0,1
9.16,3,2,4,86,7,1,1
5.22,0,5,3,87,7,0,1
5.13,3,3,1,62,9,1,1
6.81,2,1,2,84,7,0,1
8.89,1,0,2,56,5,1,1
9.74,1,1,4,94,7,0,1
5.72,0,5,4,79,8,1,1
7.85,0,3,0,60,7,0,1
6.83,1,5,0,41,7,1,1
9.66,3,3,0,76,3,0,1
9.04,3,4,4,45,5,1,1
9.02,2,3,4,83,4,1,1
7.25,3,2,4,57,3,1,1
6.99,0,5,2,69,6,0,1
6.31,0,0,4,61,5,0,1
5.27,3,4,2,93,8,0,1
9.15,0,2,0,72,5,1,1
8.9,1,1,0,69,6,0,1
9.8,1,5,0,56,6,1,1
9.78,3,0,1,82,6,0,1
7.67,1,3,1,71,9,0,1
8.69,1,0,3,81,4,0,1
9.53,2,1,3,90,7,0,1
9.08,2,4,3,53,5,1,1
6.19,1,4,1,97,9,0,1
7.16,3,5,1,49,7,0,1
5.62,2,4,3,86,7,1,1
9.58,0,5,3,99,8,1,1
7.91,0,5,4,90,6,0,1
6.1,0,5,3,75,4,0,1
8.22,3,3,4,73,8,1,1
7.97,1,2,2,48,3,1,1
6.72,0,5,1,81,9,1,1
5.55,3,5,3,67,9,0,1
8.22,2,2,1,50,4,0,0
7.5,1,0,1,53,7,0,1
8.71,2,5,1,78,9,1,1
7.5,3,3,2,94,4,1,1
9.09,0,4,0,86,9,1,1
7.65,0,4,3,93,9,0,1
7.69,3,1,0,58,6,1,1
9.21,0,1,0,93,3,0,0
6.94,1,4,0,54,6,1,1
5.64,3,4,1,67,3,0,1
5.14,2,3,4,63,9,0,1
8.62,3,2,1,47,8,1,1
7.98,1,1,1,82,7,0,1
8.38,1,2,0,48,9,1,1
6.02,3,3,1,86,3,0,1
5.65,3,4,0,72,3,1,1
5.07,0,5,4,72,3,1,1
6.68,1,2,3,58,9,0,1
7.83,3,4,0,42,4,1,1
6.88,3,4,4,49,8,0,1
7.1,1,0,3,79,4,1,1
9.34,3,2,2,86,7,1,1
6.67,0,5,0,81,9,1,1
7.47,1,2,0,40,3,1,0
8.76,0,4,2,68,8,0,1
6.9,0,5,2,89,8,1,1
7.99,0,3,0,73,5,1,1
9.14,0,0,2,90,7,0,1
9.56,1,4,1,52,8,0,1
5.71,0,1,3,93,9,0,1
9.45,0,1,3,40,3,0,1
7.36,3,0,3,73,3,0,1
6.24,1,3,1,68,8,0,1
7.2,1,4,2,87,4,1,1
9.7,2,2,4,86,7,0,1
7.36,1,0,2,52,3,1,0
6.58,1,3,0,87,8,0,1
8.04,2,2,3,88,3,1,1
6.15,1,1,2,92,8,1,1
5.36,1,1,4,68,7,1,1
5.62,1,2,0,78,8,0,1
5.61,1,0,1,63,5,0,0
5.73,2,1,1,65,8,0,1
5.67,1,4,4,56,8,0,1
8.08,1,5,0,46,9,1,1
5.87,2,2,3,52,7,0,1
6.66,3,2,2,44,9,1,1
9.3,0,1,0,65,8,1,1
7.28,3,0,1,88,7,0,1
8.2,2,4,4,42,5,0,1
5.83,0,0,4,46,7,0,0
5.92,2,3,2,97,3,1,1
5.2,2,3,4,88,9,0,1
5.81,1,5,4,78,7,1,1
6.34,0,1,0,92,5,0,0
5.85,1,1,3,40,6,1,0
5.43,0,1,2,88,8,0,1
5.58,2,5,0,56,7,0,1
7.21,2,3,3,82,8,1,1
5.99,3,0,0,64,4,0,0
6.75,0,5,0,98,3,0,1
7.42,1,5,4,42,9,0,1
8.31,3,0,3,54,3,0,1
5.19,3,1,2,68,4,0,0
8.84,3,4,2,92,4,0,1
8.01,1,0,3,82,9,0,1
5.39,3,3,4,71,7,1,1
9.19,1,2,1,65,4,1,1
9.42,3,2,0,99,6,0,1
5.29,1,5,4,55,8,0,1
6.33,2,2,3,64,8,0,1
8.87,2,4,0,93,5,1,1
8.59,2,1,2,67,4,1,1
5.89,2,3,1,48,4,0,0
6.0,2,4,2,95,6,1,1
6.78,3,3,3,95,3,0,1
7.33,3,3,0,40,3,0,1
7.97,3,1,3,68,8,0,1
6.77,1,5,0,96,8,0,1
7.22,1,2,4,61,7,1,1
8.59,1,1,1,55,9,1,1
5.18,1,4,4,80,6,0,1
6.21,2,5,4,90,9,1,1
8.42,2,4,3,83,9,1,1
9.3,2,5,1,90,5,0,1
7.46,0,4,0,93,9,1,1
7.55,3,1,0,80,5,0,1
5.51,1,5,2,46,9,0,1
7.15,1,5,0,53,6,0,1
7.56,2,3,3,68,5,0,1
6.16,1,3,4,58,3,1,1
6.29,1,0,4,58,5,0,0
6.81,3,4,4,41,5,1,1
5.1,2,3,1,80,6,0,1
6.55,3,0,0,84,6,0,1
6.01,0,3,3,54,5,1,1
6.57,0,4,1,42,4,0,1
5.57,0,5,2,50,6,1,1
9.27,2,2,3,92,7,1,1
7.85,1,4,3,85,7,0,1
8.26,2,1,3,69,3,0,1
8.79,2,3,4,96,9,0,1
7.39,1,3,3,79,5,0,1
5.42,3,5,0,57,4,0,0
7.58,0,1,3,90,3,0,1
7.82,3,5,4,87,5,1,1
8.58,0,1,3,41,6,1,1
7.07,2,2,2,71,7,0,1
5.61,0,3,2,47,8,1,1
6.36,2,3,4,61,4,1,1
6.74,3,2,0,45,8,0,1
8.1,2,0,0,51,7,0,1
7.74,3,5,1,86,9,1,1
6.71,1,2,4,96,9,0,1
9.74,1,5,3,79,8,1,1
7.91,1,4,4,75,6,0,1
6.14,2,3,1,54,5,1,1
5.49,1,5,4,67,6,1,1
5.73,0,1,4,91,8,1,1
6.18,3,5,1,96,6,1,1
5.77,3,4,0,88,7,0,1
5.9,0,3,3,84,4,0,1
6.37,2,2,1,57,6,1,1
5.83,2,4,2,41,7,1,1
9.3,3,3,0,52,4,0,1
5.39,1,5,2,84,9,0,1
7.52,2,0,0,93,5,1,1
6.97,2,0,3,54,8,1,1
9.72,0,1,3,59,9,1,1
5.54,0,3,4,68,5,1,1
6.91,1,0,2,98,9,1,1
9.65,2,2,0,81,3,0,1
9.15,2,3,3,68,9,1,1
8.92,0,2,1,42,7,0,1
6.24,2,2,3,58,4,0,1
5.82,3,0,1,42,9,0,1
8.21,0,3,0,93,6,1,1
9.46,1,5,3,53,5,0,1
7.67,0,4,3,79,9,0,1
7.74,2,0,0,98,4,0,1
6.34,1,0,3,94,7,0,1
8.69,0,5,1,43,3,1,1
5.9,3,3,3,98,5,1,1
6.55,3,3,2,99,8,0,1
7.04,0,2,4,91,4,0,1
7.44,3,5,1,50,8,1,1
6.16,3,5,2,97,4,1,1
5.55,3,3,0,70,4,1,1
7.93,1,2,1,82,7,0,1
6.39,3,0,4,71,7,1,1
7.79,3,1,4,66,7,0,1
5.74,3,4,0,69,9,0,1
7.31,1,0,0,82,6,1,1
7.56,0,3,1,41,4,0,0
5.25,2,4,3,88,5,1,1
6.62,3,1,0,48,8,0,1
5.65,0,1,3,67,7,1,1
5.3,3,2,2,70,9,0,1
9.75,1,4,4,99,7,0,1
6.55,0,2,3,73,8,1,1
8.89,1,0,4,95,8,1,1
6.22,3,5,3,54,4,1,1
8.27,3,5,2,87,7,1,1
8.65,1,5,0,64,8,0,1
7.86,2,4,2,75,6,1,1
7.26,1,5,0,47,6,1,1
6.98,3,0,0,48,7,0,1
6.67,1,2,4,97,9,1,1
9.46,2,4,2,97,8,1,1
8.99,1,2,3,76,4,0,1
9.63,2,4,2,87,4,1,1
5.6,2,2,4,84,9,1,1
8.51,1,1,0,78,4,1,1
9.5,1,2,4,71,3,1,1
5.87,0,5,1,97,7,1,1
5.32,3,1,1,91,4,1,1
8.56,2,2,3,56,6,0,1
7.76,0,4,4,74,8,1,1
9.04,1,4,3,76,5,0,1
5.67,3,4,3,58,9,0,1
8.82,0,3,1,83,5,0,1
5.97,2,0,3,68,4,0,1
5.79,0,4,1,98,5,1,1
5.79,2,1,0,46,5,1,1
8.91,1,4,4,67,3,1,1
8.19,3,3,3,48,6,0,1
7.51,3,5,1,67,9,1,1
6.72,3,1,2,45,6,1,1
9.21,1,3,3,68,3,1,1
6.88,2,5,0,97,3,0,1
8.92,1,1,0,56,5,0,0
7.11,3,2,2,55,7,1,1
6.81,1,0,1,62,8,0,1
7.22,1,0,3,70,8,0,1
6.45,1,3,1,42,5,1,1
8.59,2,5,0,60,8,0,1
7.41,0,0,1,65,3,0,0
6.11,0,5,0,75,6,1,1
9.32,1,5,1,81,8,0,1
6.84,0,3,2,76,9,0,1
7.61,0,3,4,92,5,0,1
9.35,1,3,2,61,7,0,1
8.0,1,0,2,81,5,0,1
5.56,3,3,4,51,4,0,1
9.51,0,0,4,81,5,0,1
8.01,2,3,3,52,3,0,1
6.61,1,4,3,50,6,1,1
5.67,3,5,2,93,6,1,1
8.81,2,3,2,55,9,1,1
7.98,0,1,0,47,8,1,1
7.56,3,5,0,79,3,0,1
9.29,1,5,3,98,4,1,1
8.79,2,3,3,96,3,1,1
5.73,1,2,0,79,5,0,1
6.5,0,3,0,84,3,0,0
6.19,2,5,1,98,3,0,1
8.57,0,1,1,41,9,0,1
5.16,0,5,0,69,4,0,0
7.74,3,1,1,69,5,1,1
8.66,1,0,4,51,7,0,1
9.21,2,4,3,49,9,1,1
6.64,0,5,3,83,7,1,1
8.94,0,3,0,50,9,0,1
5.53,2,0,2,54,6,1,0
9.06,0,4,0,55,9,1,1
5.61,3,3,1,56,8,0,1
6.91,3,2,2,65,3,1,1
8.83,3,3,1,41,6,1,1
5.72,3,1,4,89,4,1,1
6.1,0,1,1,51,7,0,1
8.47,2,2,4,90,9,0,1
8.46,2,0,4,65,3,0,1
8.08,2,4,1,62,4,1,1
8.33,2,3,1,57,8,0,1
7.61,1,1,4,71,4,1,1
6.21,2,0,2,88,3,0,1
6.66,1,2,4,77,8,1,1
5.87,1,5,3,96,4,0,1
9.36,3,1,4,86,8,0,1
7.8,1,2,2,42,9,1,1
6.92,0,3,3,77,9,0,1
7.22,1,4,0,42,3,1,0
9.55,3,1,0,69,3,0,1
5.74,1,1,2,40,8,0,0
7.81,0,3,4,69,5,1,1
7.43,0,5,1,84,6,1,1
7.93,0,0,2,71,4,1,1
5.09,3,4,3,67,4,0,1
9.19,3,1,3,60,5,1,1
9.47,2,4,0,97,5,0,1
7.71,3,1,3,85,5,1,1
8.34,0,4,2,52,7,1,1
9.43,0,2,3,66,7,1,1
8.39,3,1,2,75,8,1,1
5.73,1,4,1,46,7,1,1
7.77,3,0,0,61,9,1,1
7.91,3,2,3,49,9,0,1
7.04,0,2,2,78,3,1,1
8.53,2,0,4,92,8,0,1
9.48,0,4,0,54,4,1,1
9.44,2,3,1,54,6,1,1
7.16,0,0,2,43,3,1,0
5.54,3,4,1,71,4,0,1
9.73,0,0,1,62,4,0,0
9.03,0,0,3,94,8,1,1
5.6,0,1,3,45,5,0,0
9.42,3,4,2,63,5,1,1
9.18,3,3,4,59,3,1,1
7.49,3,1,2,97,5,0,1
7.84,3,0,4,76,4,0,1
6.92,2,5,1,59,5,0,1
5.26,2,0,0,51,7,0,1
6.61,1,0,2,72,5,1,1
8.85,3,4,2,67,4,0,1
5.02,2,4,4,47,8,0,1
6.6,0,1,1,40,3,1,0
6.91,3,3,1,76,6,0,1
7.58,1,1,4,61,5,0,1
9.42,1,2,1,45,9,0,1
6.66,1,0,3,60,9,0,1
6.67,0,5,0,71,4,1,1
8.54,2,0,2,74,6,1,1
7.17,0,0,0,54,6,0,1
6.08,3,1,2,44,7,0,1
7.17,1,5,3,99,6,1,1
5.68,0,5,1,95,9,0,1
5.85,0,5,4,85,8,0,1
7.39,2,1,3,89,4,0,1
7.01,2,0,0,87,4,0,0
9.39,1,1,4,45,5,0,1
6.74,0,4,1,64,5,0,0
7.79,0,4,3,95,5,0,1
8.03,2,1,4,85,9,0,1
5.06,0,5,3,98,9,0,1
8.18,0,0,3,95,9,1,1
5.85,0,1,1,79,9,1,1
9.61,2,1,2,68,9,1,1
5.71,1,1,4,46,9,0,1
6.99,3,2,1,79,8,0,1
5.41,1,4,3,52,9,1,1
9.78,3,5,1,77,6,0,1
7.41,0,3,2,57,6,1,1
7.86,1,5,4,41,7,0,1
5.32,3,3,2,47,8,1,1
8.6,2,2,0,50,5,1,1
6.01,2,1,4,72,3,1,1
9.31,1,2,2,93,9,0,1
5.98,1,2,3,77,7,1,1
5.92,0,0,4,87,3,0,0
5.18,1,4,4,66,6,0,1
7.27,0,3,1,59,7,0,1
7.71,0,1,3,51,7,0,1
5.32,2,3,0,82,4,0,1
8.72,2,5,2,70,6,0,1
7.18,3,3,1,66,6,0,1
7.52,2,5,2,71,8,1,1
7.12,2,4,0,49,7,1,1
6.92,1,5,0,42,9,1,1
7.69,2,3,4,84,6,0,1
5.75,3,3,0,66,7,0,1
5.87,1,5,2,74,8,0,1
9.14,3,2,3,70,9,0,1
9.54,2,4,3,54,8,1,1
6.79,3,0,4,55,4,0,1
6.3,1,1,2,52,9,1,1
8.09,0,3,2,88,7,0,1
6.96,3,1,0,74,6,1,1
5.12,3,0,2,91,6,0,1
5.75,1,1,1,50,7,1,0
8.44,1,0,0,98,7,0,1
8.16,3,5,1,60,7,1,1
5.13,2,2,4,90,5,0,1
6.07,3,3,3,93,9,1,1
6.11,1,0,4,50,6,1,1
8.23,0,1,3,69,9,0,1
5.09,0,3,4,99,8,1,1
5.5,2,2,2,87,6,0,1
8.84,3,5,1,92,5,0,1
5.86,0,3,3,74,7,0,1
8.13,3,0,0,61,4,1,1
6.14,1,2,1,77,7,1,1
5.48,0,1,0,70,7,0,0
6.17,2,2,1,53,5,0,1
8.47,1,2,1,63,9,1,1
9.11,2,4,4,89,6,1,1
8.99,1,2,3,88,7,1,1
6.91,0,2,3,71,6,0,1
8.21,2,3,1,75,3,0,1
5.98,2,1,2,71,8,0,1
6.41,1,3,2,94,9,0,1
9.3,2,3,0,54,6,0,1
5.06,1,0,0,82,4,1,0
5.41,1,3,4,97,8,0,1
6.0,1,4,1,74,4,1,1
5.13,1,4,0,42,7,1,0
5.87,0,0,0,55,8,0,0
7.8,1,5,1,44,6,1,1
7.02,3,1,4,60,8,0,1
9.28,2,1,0,49,7,1,1
8.92,3,3,4,58,5,0,1
6.64,0,3,3,64,9,0,1
6.25,3,5,4,43,4,1,1
6.82,2,3,2,68,7,0,1
7.83,3,1,2,58,5,1,1
6.29,0,2,4,82,8,0,1
8.0,1,4,2,41,8,0,1
6.97,3,2,3,49,7,0,1
7.65,0,2,1,82,6,1,1
7.09,0,1,2,64,8,1,1
6.41,2,2,2,59,6,0,1
9.55,2,5,4,87,6,1,1
8.67,3,0,3,58,9,0,1
5.67,1,3,1,62,6,1,1
9.17,0,0,4,63,3,1,1
7.34,3,4,4,50,9,0,1
9.29,0,3,3,85,5,0,1
8.84,0,2,1,73,5,0,1
7.04,1,4,3,94,8,0,1
5.11,1,3,1,67,8,0,1
6.29,3,5,3,44,6,1,1
7.6,1,5,4,98,9,1,1
8.04,1,5,4,44,9,0,1
6.24,3,5,0,90,3,0,1
5.67,1,2,2,60,6,0,1
9.01,2,0,3,51,3,1,1
9.73,0,3,0,89,6,0,1
7.52,0,2,2,43,4,0,1
5.82,0,5,3,93,4,1,1
6.31,0,0,1,88,7,1,1
5.09,3,4,2,81,6,1,1
9.39,0,4,4,59,9,1,1
5.57,0,4,0,77,8,0,1
7.77,0,5,2,64,5,1,1
6.32,0,4,2,53,7,1,1
7.66,2,1,4,50,8,0,1
8.13,0,3,3,71,4,0,1
8.98,2,3,1,50,6,0,1
5.99,3,5,4,57,7,1,1
5.05,1,1,1,66,6,0,0
5.66,0,2,3,94,4,1,1
9.32,1,2,2,93,7,1,1
9.19,1,4,1,57,4,1,1
7.87,3,0,0,95,3,0,1
7.88,1,2,0,62,4,1,1
8.19,2,0,4,50,9,0,1
5.84,1,3,3,60,9,0,1
9.39,1,0,4,83,6,0,1
7.01,1,3,4,44,5,1,1
6.84,0,1,4,62,4,1,1
7.49,0,1,0,80,8,1,1
5.23,2,5,0,98,9,0,1
5.8,2,5,4,64,5,1,1
8.54,0,4,0,80,3,1,1
5.4,2,2,3,93,7,1,1
7.9,0,4,4,49,7,1,1
6.18,3,3,0,61,9,1,1
6.87,1,4,1,58,5,0,1
6.39,1,0,4,40,9,0,1
6.71,2,3,4,46,7,0,1
8.45,0,5,3,43,4,0,1
6.43,0,1,2,40,5,1,0
7.72,2,5,2,54,6,0,1
7.29,0,2,3,79,4,1,1
8.19,3,3,3,51,4,0,1
9.5,1,3,3,61,4,0,1
8.52,2,0,2,61,6,0,1
6.03,2,2,3,89,3,1,1
5.15,0,1,0,86,8,1,1
6.26,2,3,4,56,9,0,1
7.86,3,3,4,68,7,1,1
5.25,0,0,1,85,9,0,0
7.38,0,4,1,53,5,0,1
7.86,0,1,4,89,3,0,1
6.6,0,5,0,59,5,1,1
8.7,3,2,2,89,9,0,1
5.51,0,3,2,87,7,0,1
5.36,2,3,0,72,6,0,1
8.5,3,5,2,94,9,1,1
7.38,1,1,3,98,4,0,1
8.3,1,4,4,82,9,1,1
7.09,2,3,4,54,4,0,1
6.18,2,1,0,51,6,1,1
8.93,3,5,2,79,9,0,1
8.84,1,0,1,93,3,0,1
8.33,1,4,1,59,3,1,1
6.31,1,2,2,69,5,1,1
7.83,1,3,1,77,6,0,1
6.73,1,1,0,42,3,1,0
5.44,0,0,0,67,9,0,1
9.4,2,2,2,95,6,0,1
5.66,0,1,1,65,7,0,0
9.56,1,1,0,69,4,1,1
7.14,3,2,0,52,9,0,1
